{"cameraMode":{"drawMode":0,"name":"Shaded","section":"Shading Mode"},"sceneLighting":true,"audioPlay":false,"sceneViewState":{"m_AlwaysRefresh":false,"showFog":true,"showSkybox":true,"showFlares":true,"showImageEffects":true,"showParticleSystems":true,"showVisualEffectGraphs":true,"m_FxEnabled":true},"in2DMode":false,"pivot":{"x":0.06869447231292725,"y":4.506650924682617,"z":20.14575958251953},"rotation":{"x":0.17081309854984284,"y":-0.09708337485790253,"z":0.016918238252401353,"w":0.9803826808929443},"size":6.437848091125488,"orthographic":true}